{
  "config": {
    "mode": "pow",
    "pos_round_length": 1,
    "run_time": 4000.0,
    "num_honest": 100,
    "honest_block_rate": 0.01,
    "bandwidth": 0.55,
    "header_delay": 0.0,
    "induce_split": [
      0.001,
      20.0
    ],
    "dumb_attacker": 0,
    "teasing_attacker": 0,
    "attacker_head_start": 0,
    "download_rule": "greedy_extend_chain",
    "plot": null,
    "save_results": "/cs/staff/avivz/finitebw/exp_greedy/data/linear1/exp3_greedy_13_49.json",
    "verbose": false
  },
  "honest_chain_height": 1074,
  "honest_chain_common_ancestor_height": 0
}