{
  "config": {
    "mode": "pow",
    "pos_round_length": 1,
    "run_time": 10000.0,
    "num_honest": 100,
    "honest_block_rate": 0.01,
    "bandwidth": 0.7000000000000002,
    "header_delay": 0.0,
    "induce_split": null,
    "dumb_attacker": 0,
    "teasing_attacker": 0,
    "attacker_head_start": 0,
    "download_rule": "longest_header_chain",
    "plot": null,
    "save_results": "/cs/staff/avivz/finitebw/exp_teaser/data/linear1/exp2_band_12_41.json",
    "verbose": false
  },
  "honest_chain_height": 4121,
  "honest_chain_common_ancestor_height": 4119
}