{
  "config": {
    "mode": "pow",
    "pos_round_length": 1,
    "run_time": 1000.0,
    "num_honest": 100,
    "num_spv": 80,
    "honest_block_rate": 0.01,
    "bandwidth": 1.3000000000000005,
    "header_delay": 0.0,
    "induce_split": null,
    "dumb_attacker": 0,
    "private_attacker": 0,
    "teasing_attacker": 1.0,
    "equivocation_teasing_attacker": 0,
    "attacker_head_start": 100,
    "download_rule": "longest_header_chain",
    "plot": null,
    "save_results": "/Users/srivatsan/Documents/Research/blockchain/finitebwlc/exp_teaser/data/teasing_spv_80_new/exp2_teaser_24_1.json",
    "log_blocks": "",
    "verbose": false
  },
  "honest_chain_height": 592,
  "honest_chain_common_ancestor_height": 590
}