{
  "config": {
    "mode": "pow",
    "pos_round_length": 1,
    "run_time": 10000.0,
    "num_honest": 100,
    "honest_block_rate": 0.01,
    "bandwidth": 1258.9254117941816,
    "header_delay": 0.0,
    "induce_split": null,
    "dumb_attacker": 0,
    "teasing_attacker": 0,
    "attacker_head_start": 0,
    "download_rule": "longest_header_chain",
    "plot": null,
    "save_results": "/cs/staff/avivz/finitebw/exp_teaser/data/log_scale2/exp2_band_102_39.json",
    "verbose": false
  },
  "honest_chain_height": 10090
}