{
  "config": {
    "mode": "pow",
    "pos_round_length": 1,
    "run_time": 10000.0,
    "num_honest": 100,
    "honest_block_rate": 0.01,
    "bandwidth": 1.9000000000000004,
    "header_delay": 0.0,
    "induce_split": null,
    "dumb_attacker": 0,
    "teasing_attacker": 1.0,
    "equivocation_teasing_attacker": 0,
    "attacker_head_start": 100,
    "download_rule": "longest_header_chain",
    "plot": null,
    "save_results": "/home/jneu/finitebwlc/exp_teaser_equiv/data/linear1/exp2_teaser_9_4.json",
    "verbose": false
  },
  "honest_chain_height": 4911,
  "honest_chain_common_ancestor_height": 4910
}